{
    "metadata":{
        "faces":168,
        "uvs":1,
        "version":3,
        "generator":"io_three",
        "type":"Geometry",
        "normals":158,
        "vertices":158
    },
    "vertices":[-20.3629,-8.66667,11.7565,-10.6145,-8.66667,-5.12826,-0.866025,-8.66667,11.7565,0.866025,-8.19526,12.0898,20.3629,-8.19526,12.0898,10.6145,7.72386,6.46159,0.288675,9.13807,-11.4232,0.288675,25.0572,-0.166666,10.0371,9.13807,5.46159,-10.0371,9.13807,5.46159,-0.288675,25.0572,-0.166666,-0.288675,9.13807,-11.4232,9.74843,9.13807,5.96159,2e-14,25.0572,0.333334,-9.74843,9.13807,5.96159,-10.6145,7.72386,6.46159,-20.3629,-8.19526,12.0898,-0.866025,-8.19526,12.0898,10.9031,7.72386,5.96159,20.6516,-8.19526,11.5898,10.9031,-8.19526,-5.29493,-9.74843,-8.66667,-6.62826,1e-14,-8.66666,-23.513,9.74843,-8.66667,-6.62826,-10.9031,-8.19526,-5.29493,-20.6516,-8.19526,11.5898,-10.9031,7.72386,5.96159,0.866025,-8.66667,11.7565,10.6145,-8.66667,-5.12826,20.3629,-8.66667,11.7565,10.0371,-8.19526,-6.79493,0.288675,-8.19526,-23.6797,0.288675,7.72386,-12.4232,-0.288675,7.72386,-12.4232,-0.288675,-8.19526,-23.6797,-10.0371,-8.19526,-6.79493,-20.3629,8.66667,-11.7565,-10.6145,8.66667,5.12826,-0.866025,8.66667,-11.7565,0.866025,8.19526,-12.0899,20.3629,8.19526,-12.0899,10.6145,-7.72386,-6.4616,0.288675,-9.13807,11.4232,0.288675,-25.0572,0.166661,10.0371,-9.13807,-5.4616,-10.0371,-9.13807,-5.4616,-0.288675,-25.0572,0.166661,-0.288675,-9.13807,11.4232,9.74843,-9.13807,-5.9616,2e-14,-25.0572,-0.333339,-9.74843,-9.13807,-5.9616,-10.6145,-7.72386,-6.4616,-20.3629,8.19526,-12.0899,-0.866025,8.19526,-12.0899,10.9031,-7.72386,-5.9616,20.6516,8.19526,-11.5899,10.9031,8.19526,5.29492,-9.74843,8.66667,6.62826,2e-14,8.66666,23.513,9.74843,8.66667,6.62826,-10.9031,8.19526,5.29492,-20.6516,8.19526,-11.5899,-10.9031,-7.72386,-5.9616,0.866025,8.66667,-11.7565,10.6145,8.66667,5.12826,20.3629,8.66667,-11.7565,10.0371,8.19526,6.79492,0.288675,8.19526,23.6797,0.288675,-7.72386,12.4232,-0.288675,-7.72386,12.4232,-0.288675,8.19526,23.6797,-10.0371,8.19526,6.79492,-10.3411,-8.80875,-5.45392,-0.447338,-8.80876,11.6826,-10.7924,-8.50587,-5.3653,-20.6571,-8.50587,11.721,-0.7497,-8.50587,12.0291,-20.4792,-8.50587,12.0291,10.7924,7.89374,6.23098,20.6571,-8.21533,11.9264,0.7497,-8.50587,12.0291,20.4792,-8.50587,12.0291,10.3411,8.07825,6.487,0.447338,-8.07826,12.1992,10.0427,9.118,5.79814,0.177918,25.2271,0.102722,-5.6e-13,9.118,-11.5963,0,25.2271,-0.205441,0.447338,8.80876,-11.6827,10.3411,8.80875,5.45392,-0.177918,25.2271,0.102722,-10.0427,9.118,5.79814,-0.447338,8.80876,-11.6827,-10.3411,8.80875,5.45392,9.8938,8.80875,6.22873,-9.8938,8.80875,6.22873,-20.6571,-8.21533,11.9264,-10.7924,7.89374,6.23098,-0.447338,-8.07826,12.1992,-10.3411,8.07825,6.487,10.7924,-8.50587,-5.3653,20.6571,-8.50587,11.721,10.7885,-8.07825,-5.71219,10.7885,8.07825,5.71219,10.0427,-8.50587,-6.66382,0.177918,-8.50587,-23.7501,-10.0427,-8.50587,-6.66382,-0.177918,-8.50587,-23.7501,-9.8938,-8.80875,-6.22873,9.8938,-8.80875,-6.22873,-10.7885,-8.07825,-5.71219,-10.7885,8.07825,5.71219,10.3411,-8.80875,-5.45392,0.447338,-8.80876,11.6826,-5.7e-13,7.89375,-12.462,-1e-14,-8.21533,-23.8528,0.447338,8.07826,-12.1992,10.3411,-8.07825,-6.48701,-0.447338,8.07826,-12.1992,-10.3411,-8.07825,-6.48701,-20.6571,8.50587,-11.721,-10.7924,8.50587,5.3653,-0.7497,8.50587,-12.0291,-20.4792,8.50587,-12.0291,10.7924,-7.89374,-6.23098,20.6571,8.21533,-11.9264,0.7497,8.50587,-12.0291,20.4792,8.50587,-12.0291,10.0427,-9.118,-5.79814,0.177918,-25.2271,-0.102726,2e-14,-9.118,11.5963,2e-14,-25.2271,0.205436,-10.0427,-9.118,-5.79814,-0.177918,-25.2271,-0.102726,-20.6571,8.21533,-11.9264,-10.7924,-7.89374,-6.23098,10.7924,8.50587,5.3653,20.6571,8.50587,-11.721,0.177918,8.50587,23.7501,10.0427,8.50587,6.66382,-0.177918,8.50587,23.7501,-10.0427,8.50587,6.66382,2e-14,8.21533,23.8528,2e-14,-7.89375,12.462,-10.4753,8.55306,6.04792,-20.7252,-8.46101,11.9657,-10.4753,-8.55306,-6.04793,2e-14,-8.55306,12.0958,20.7252,-8.46101,11.9657,10.4753,-8.55306,-6.04793,10.4753,8.55306,6.04792,0,-8.46101,-23.9313,-5.8e-13,8.55306,-12.0959,1e-14,25.383,5.94566e-07,2e-14,8.46101,23.9313,2e-14,-25.383,-5.45722e-06,20.7252,8.46101,-11.9657,-20.7252,8.46101,-11.9657],
    "uvs":[[0.0203973,0.0135982,0.479603,0.0135982,0.25,0.472804,0.520397,0.0135982,0.979603,0.0135982,0.75,0.472804,0.729603,0.513598,0.5,0.972804,0.270397,0.513598,0.491322,0.0189618,0.260642,0.480321,0.520397,0,0.979603,0,0.239358,0.480321,0.00867833,0.0189618,0.239121,0.478243,0.00951875,0.0190375,0.520841,0.000717878,0.977639,0.000717878,0.739801,0.479603,0.510199,0.0203973,0.740481,0.519037,0.510879,0.978243,0.270397,0.5,0.729603,0.5,0.489121,0.978243,0.259519,0.519037,0.272361,0.500718,0.729159,0.500718,0.739358,0.480321,0.508678,0.0189618,0.990481,0.0190375,0.760879,0.478243,0.489801,0.0203973,0.260199,0.479603,0.741322,0.518962,0.510642,0.980321,0.522361,0.000717878,0.979159,0.000717878,0.270841,0.500718,0.727639,0.500718,0.0203973,0,0.479603,0,0.991322,0.0189618,0.760642,0.480321,0,0,1,0,1,1,0,1,0.503041,0.0243253,0.271285,0.487837,0.520397,-0.0135982,0.979603,-0.0135982,0.228715,0.487837,-0.00304065,0.0243253,0.228243,0.483682,-0.00135982,0.0244768,0.521285,-0.0121624,0.975675,-0.0121624,0.729603,0.486402,0.5,0.0271964,0.75136,0.524477,0.521757,0.983682,0.270397,0.486402,0.478243,0.983682,0.24864,0.524477,0.274325,0.487837,0.728715,0.487837,0.496959,0.0243253,1.00136,0.0244768,0.771757,0.483682,0.753041,0.524325,0.521285,0.987837,0.524325,-0.0121624,0.978715,-0.0121624,0.725675,0.487837,0.0203973,-0.0135982,0.479603,-0.0135982,1.00304,0.0243253,0.771285,0.487837]],