{
    "metadata":{
        "faces":198,
        "uvs":1,
        "version":3,
        "generator":"io_three",
        "type":"Geometry",
        "normals":144,
        "vertices":200
    },
    "vertices":[16.7938,-2.75,12.9047,16.7938,2.75,12.9047,12.9047,2.75,16.7938,12.9047,-2.75,16.7938,12.9047,-2.75,-16.7938,12.9047,2.75,-16.7938,16.7938,2.75,-12.9047,16.7938,-2.75,-12.9047,-16.7938,-2.75,-12.9047,-16.7938,2.75,-12.9047,-12.9047,2.75,-16.7938,-12.9047,-2.75,-16.7938,-12.9047,-2.75,16.7938,-12.9047,2.75,16.7938,-16.7938,2.75,12.9047,-16.7938,-2.75,12.9047,3.88909,3,3.57628e-07,0,3,-3.88909,-3.88909,3,3.57628e-07,0,3,3.88909,0,-3,-3.88909,3.88909,-3,-3.57628e-07,0,-3,3.88909,-3.88909,-3,-3.57628e-07,4.24264,-3,0.353553,16.617,-3,12.7279,12.7279,-3,16.617,0.353553,-3,4.24264,0.176777,-2.75,4.41942,12.5511,-2.75,16.7938,12.5511,2.75,16.7938,0.176777,2.75,4.41942,0.353553,3,4.24264,12.7279,3,16.617,16.617,3,12.7279,4.24264,3,0.353554,4.41942,2.75,0.176777,16.7938,2.75,12.5511,16.7938,-2.75,12.5511,4.41942,-2.75,0.176776,0.353553,-3,-4.24264,12.7279,-3,-16.617,16.617,-3,-12.7279,4.24264,-3,-0.353554,4.41942,-2.75,-0.176777,16.7938,-2.75,-12.5511,16.7938,2.75,-12.5511,4.41942,2.75,-0.176776,4.24264,3,-0.353553,16.617,3,-12.7279,12.7279,3,-16.617,0.353553,3,-4.24264,0.176777,2.75,-4.41942,12.5511,2.75,-16.7938,12.5511,-2.75,-16.7938,0.176777,-2.75,-4.41942,-4.24264,-3,-0.353554,-16.617,-3,-12.7279,-12.7279,-3,-16.617,-0.353553,-3,-4.24264,-0.176777,-2.75,-4.41942,-12.5511,-2.75,-16.7938,-12.5511,2.75,-16.7938,-0.176777,2.75,-4.41942,-0.353553,3,-4.24264,-12.7279,3,-16.617,-16.617,3,-12.7279,-4.24264,3,-0.353553,-4.41942,2.75,-0.176776,-16.7938,2.75,-12.5511,-16.7938,-2.75,-12.5511,-4.41942,-2.75,-0.176777,-0.353553,-3,4.24264,-12.7279,-3,16.617,-16.617,-3,12.7279,-4.24264,-3,0.353553,-4.41942,-2.75,0.176776,-16.7938,-2.75,12.5511,-16.7938,2.75,12.5511,-4.41942,2.75,0.176777,-4.24264,3,0.353554,-16.617,3,12.7279,-12.7279,3,16.617,-0.353553,3,4.24264,-0.176777,2.75,4.41942,-12.5511,2.75,16.7938,-12.5511,-2.75,16.7938,-0.176777,-2.75,4.41942,12.7279,-2.75,16.867,12.7279,2.75,16.867,16.742,2.92678,12.8529,12.8529,2.92677,16.742,16.867,2.75,12.7279,16.867,-2.75,12.7279,12.8529,-2.92678,16.742,16.742,-2.92678,12.8529,16.867,2.75,-12.7279,16.867,-2.75,-12.7279,16.742,2.92678,-12.8529,12.8529,2.92678,-16.742,12.7279,-2.75,-16.867,12.7279,2.75,-16.867,12.8529,-2.92677,-16.742,16.742,-2.92678,-12.8529,-12.7279,-2.75,-16.867,-12.7279,2.75,-16.867,-16.742,2.92678,-12.8529,-12.8529,2.92678,-16.742,-16.867,2.75,-12.7279,-16.867,-2.75,-12.7279,-12.8529,-2.92677,-16.742,-16.742,-2.92678,-12.8529,-16.867,2.75,12.7279,-16.867,-2.75,12.7279,-16.742,2.92678,12.8529,-12.8529,2.92677,16.742,-12.7279,-2.75,16.867,-12.7279,2.75,16.867,-12.8529,-2.92678,16.742,-16.742,-2.92678,12.8529,-0.176777,3,4.06586,-4.06586,3,0.176777,-0.176777,3,-4.06586,-4.06586,3,-0.176776,0.176777,3,-4.06586,4.06586,3,-0.176776,0.176777,3,4.06586,4.06586,3,0.176777,-4.06586,-3,0.176776,-0.176777,-3,4.06586,4.06586,-3,0.176776,0.176777,-3,4.06586,4.06586,-3,-0.176777,0.176777,-3,-4.06586,-4.06586,-3,-0.176777,-0.176777,-3,-4.06586,12.6029,-2.92678,16.742,0.228553,-2.92678,4.36764,4.36764,-2.92678,0.228553,16.742,-2.92678,12.6029,0.228553,2.92678,4.36764,12.6029,2.92677,16.742,0,2.75,4.34619,0,-2.75,4.34619,16.742,2.92678,12.6029,4.36764,2.92678,0.228554,4.34619,-2.75,-3.27826e-07,4.34619,2.75,3.27826e-07,4.36764,-2.92678,-0.228554,16.742,-2.92678,-12.6029,12.6029,-2.92677,-16.742,0.228553,-2.92678,-4.36764,16.742,2.92678,-12.6029,4.36764,2.92678,-0.228553,0.228553,2.92678,-4.36764,12.6029,2.92678,-16.742,0,2.75,-4.34619,0,-2.75,-4.34619,-12.6029,-2.92677,-16.742,-0.228553,-2.92678,-4.36764,-4.36764,-2.92678,-0.228554,-16.742,-2.92678,-12.6029,-0.228553,2.92678,-4.36764,-12.6029,2.92678,-16.742,-16.742,2.92678,-12.6029,-4.36764,2.92678,-0.228553,-4.34619,-2.75,-3.27826e-07,-4.34619,2.75,3.27826e-07,-4.36764,-2.92678,0.228553,-16.742,-2.92678,12.6029,-12.6029,-2.92678,16.742,-0.228553,-2.92678,4.36764,-16.742,2.92678,12.6029,-4.36764,2.92678,0.228554,-0.228553,2.92678,4.36764,-12.6029,2.92677,16.742,0,-2.95218,4.24264,-12.7279,-2.8997,16.8287,-12.7279,2.89969,16.8287,0,2.95217,4.24264,-4.24264,-2.95218,-3.51927e-07,-16.8287,-2.8997,12.7279,12.7279,2.89969,16.8287,12.7279,-2.8997,16.8287,16.8287,-2.8997,12.7279,4.24264,-2.95218,-3.51927e-07,0,-2.95217,-4.24264,-16.8287,2.8997,12.7279,-4.24264,2.95218,3.51927e-07,4.24264,2.95218,3.51927e-07,16.8287,2.8997,12.7279,0,2.95218,-4.24264,16.8287,2.8997,-12.7279,16.8287,-2.8997,-12.7279,12.7279,-2.89969,-16.8287,12.7279,2.8997,-16.8287,-12.7279,2.8997,-16.8287,-12.7279,-2.89969,-16.8287,-16.8287,-2.8997,-12.7279,-16.8287,2.8997,-12.7279],
    "uvs":[[0.958333,0.0416667,0.958333,0.958333,0.0416667,0.958333,0.0416667,0.0416667,0.983333,0,0.0166667,0,0,0.0166667,0,0.983333,0.0166667,1,0.983333,1,1,0.983333,1,0.0166667,0.0208333,0.0291667,0.0208333,0.970833,0.970833,0.979167,0.0291667,0.979167,0.979167,0.970833,0.979167,0.0291667,0.0291667,0.0208334,0.970833,0.0208334,0.970833,1.02083,0.0291667,1.02083,0.0291667,0.979167,0.970833,1.02083,0.0291667,1.02083,0.0291667,-0.0208333,0.970833,-0.0208333,0.0291667,-0.0208333,0.970833,-0.0208333,0.0291667,0.0208334,0.00833333,0,0.991667,0,0.00833333,1,0.991667,1,0,0.00833333,1,0.00833333,0,0.991667,1,0.991667,0,0,1,0,1,1,0,1,0.958333,1.04167,0.0416667,1.04167,0.0166667,1,0.958333,1.04167,0.0416667,1.04167,0.0416667,-0.0416665,0.958333,-0.0416665,0.0416667,-0.0416667,0.958333,-0.0416667,0.0166667,0]],