{
    "metadata":{
        "faces":144,
        "uvs":1,
        "version":3,
        "generator":"io_three",
        "type":"Geometry",
        "normals":140,
        "vertices":140
    },
    "vertices":[0,7.46136,18.1577,10.6964,11.547,11.547,-11.0213,11.547,11.547,0,-7.46136,18.1577,-10.6964,-11.547,11.547,11.0213,-11.547,11.547,18.1577,-8.89464e-07,7.46136,11.547,10.6964,11.547,11.547,-11.0213,11.547,18.1577,8.89464e-07,-7.46136,11.547,-10.6964,-11.547,11.547,11.0213,-11.547,0,7.46136,-18.1577,-10.6964,11.547,-11.547,11.0213,11.547,-11.547,0,-7.46136,-18.1577,10.6964,-11.547,-11.547,-11.0213,-11.547,-11.547,-18.1577,8.89464e-07,-7.46136,-11.547,10.6964,-11.547,-11.547,-11.0213,-11.547,-18.1577,-8.89464e-07,7.46136,-11.547,-10.6964,11.547,-11.547,11.0213,11.547,-7.46136,18.1577,2.16457e-06,-11.547,11.547,-10.6964,-11.547,11.547,11.0213,7.46136,18.1577,2.16457e-06,11.547,11.547,10.6964,11.547,11.547,-11.0213,7.46136,-18.1577,-2.16457e-06,11.547,-11.547,-10.6964,11.547,-11.547,11.0213,-7.46136,-18.1577,-2.16457e-06,-11.547,-11.547,10.6964,-11.547,-11.547,-11.0213,0.425325,6.77317,18.4206,0.425325,-6.77317,18.4206,-0.425325,-6.77317,18.4206,-0.425325,6.77317,18.4206,18.4206,0.425325,6.77317,18.4206,0.425326,-6.77317,18.4206,-0.425325,-6.77317,18.4206,-0.425326,6.77317,-0.425325,6.77317,-18.4206,-0.425325,-6.77317,-18.4206,0.425325,-6.77317,-18.4206,0.425325,6.77317,-18.4206,-18.4206,0.425326,-6.77317,-18.4206,0.425325,6.77317,-18.4206,-0.425326,6.77317,-18.4206,-0.425325,-6.77317,-6.77317,18.4206,-0.425323,6.77317,18.4206,-0.425323,6.77317,18.4206,0.425328,-6.77317,18.4206,0.425328,6.77317,-18.4206,-0.425328,-6.77317,-18.4206,-0.425328,-6.77317,-18.4206,0.425323,6.77317,-18.4206,0.425323,0.299129,7.19554,18.3542,11.021,11.1987,11.7248,-0.299129,7.19554,18.3542,-11.2901,11.3618,11.6187,-0.299129,-7.19555,18.3542,-11.021,-11.1987,11.7248,0.299129,-7.19555,18.3542,11.2901,-11.3618,11.6187,18.3542,0.299128,7.19555,11.7248,11.021,11.1987,18.3542,-0.29913,7.19555,11.6187,-11.2901,11.3618,18.3542,-0.299128,-7.19555,11.7248,-11.021,-11.1987,18.3542,0.29913,-7.19555,11.6187,11.2901,-11.3618,-0.299129,7.19555,-18.3542,-11.021,11.1987,-11.7248,0.299129,7.19555,-18.3542,11.2901,11.3618,-11.6187,0.299129,-7.19554,-18.3542,11.021,-11.1987,-11.7248,-0.299129,-7.19554,-18.3542,-11.2901,-11.3618,-11.6187,-18.3542,0.29913,-7.19555,-11.7248,11.021,-11.1987,-18.3542,-0.299128,-7.19555,-11.6187,-11.2901,-11.3618,-18.3542,-0.29913,7.19555,-11.7248,-11.021,11.1987,-18.3542,0.299128,7.19555,-11.6187,11.2901,11.3618,-7.19555,18.3542,-0.299127,-11.1987,11.7248,-11.021,-7.19555,18.3542,0.299131,-11.3618,11.6187,11.2901,7.19555,18.3542,0.299131,11.1987,11.7248,11.021,7.19555,18.3542,-0.299127,11.3618,11.6187,-11.2901,7.19555,-18.3542,-0.299131,11.1987,-11.7248,-11.021,7.19555,-18.3542,0.299127,11.3618,-11.6187,11.2901,-7.19555,-18.3542,0.299127,-11.1987,-11.7248,11.021,-7.19555,-18.3542,-0.299131,-11.3618,-11.6187,-11.2901,0,-6.71155,18.5391,0,6.71154,18.5391,18.5391,8.00079e-07,-6.71155,18.5391,-8.00079e-07,6.71155,0,-6.71154,-18.5391,0,6.71155,-18.5391,-18.5391,-8.00079e-07,6.71155,-18.5391,8.00079e-07,-6.71155,6.71155,18.5391,2.21003e-06,-6.71155,18.5391,2.21003e-06,-6.71155,-18.5391,-2.21003e-06,6.71155,-18.5391,-2.21003e-06,-11.38,-11.38,11.38,-11.4458,11.4458,11.4458,0,7.0581,18.4783,0,-7.0581,18.4783,11.38,11.38,11.38,11.4458,-11.4458,11.4458,11.38,-11.38,-11.38,18.4783,-8.41391e-07,7.0581,18.4783,8.41391e-07,-7.0581,11.4458,11.4458,-11.4458,0,7.0581,-18.4783,0,-7.0581,-18.4783,-11.38,11.38,-11.38,-11.4458,-11.4458,-11.4458,-18.4783,8.41391e-07,-7.0581,-18.4783,-8.41391e-07,7.0581,-7.0581,18.4783,2.20279e-06,7.0581,18.4783,2.20279e-06,7.0581,-18.4783,-2.20279e-06,-7.0581,-18.4783,-2.20279e-06],
    "uvs":[[0.5,0.977899,0.0368343,0.7,0.977235,0.7,0.218515,0.0216004,0.781485,0.0216004,0.238132,0.981108,0.000708619,0.70506,0.798503,0.260924,0.988767,0.688619,0.218515,0,0.781485,0,0,0,1,0,1,1,0,1,-0.0237363,0.984317,-0.035417,0.710119,0.81552,0.500248,1.0003,0.677237,0.218515,-0.0216002,0.781485,-0.0216002]],
    "normals":[0.00430311,0.722587,0.691244,0.177068,0.778008,0.602741,-0.164556,0.782495,0.600482,-0.00430311,-0.722587,0.691244,-0.177068,-0.778008,0.602741,0.164525,-0.782495,0.600482,0.691244,0.00430311,0.722587,0.602741,0.177068,0.778008,0.600482,-0.164525,0.782495,0.691244,-0.00430311,-0.722587,0.602741,-0.177068,-0.778008,0.600482,0.164525,-0.782495,-0.00430311,0.722587,-0.691244,-0.177068,0.778008,-0.602741,0.164525,0.782495,-0.600482,0.00430311,-0.722587,-0.691244,0.177068,-0.778008,-0.602741,-0.164556,-0.782495,-0.600482,-0.691244,0.00430311,-0.722587,-0.602741,0.177068,-0.778008,-0.600482,-0.164525,-0.782495,-0.691244,-0.00430311,0.722587,-0.602741,-0.177068,0.778008,-0.600482,0.164525,0.782495,-0.722587,0.691244,-0.00430311,-0.778008,0.602741,-0.177068,-0.782495,0.600482,0.164525,0.722587,0.691244,0.00430311,0.778008,0.602741,0.177068,0.782495,0.600482,-0.164525,0.722587,-0.691244,-0.00430311,0.778008,-0.602741,-0.177068,0.782495,-0.600482,0.164525,-0.722587,-0.691244,0.00430311,-0.778008,-0.602741,0.177068,-0.782495,-0.600482,-0.164525,0.392804,0.0991546,0.914243,0.391736,-0.0989715,0.914701,-0.392804,-0.0991546,0.914243,-0.391736,0.0989715,0.914701,0.914243,0.392804,0.0991546,0.914701,0.391736,-0.0989715,0.914243,-0.392804,-0.0991546,0.914701,-0.391736,0.0989715,-0.392804,0.0991546,-0.914243,-0.391736,-0.0989715,-0.914701,0.392804,-0.0991546,-0.914243,0.391736,0.0989715,-0.914701,-0.914243,0.392804,-0.0991546,-0.914701,0.391736,0.0989715,-0.914243,-0.392804,0.0991546,-0.914701,-0.391736,-0.0989715,-0.0991546,0.914243,-0.392804,0.0989715,0.914701,-0.391736,0.0991546,0.914243,0.392804,-0.0989715,0.914701,0.391736,0.0991546,-0.914243,-0.392804,-0.0989715,-0.914701,-0.391736,-0.0991546,-0.914243,0.392804,0.0989715,-0.914701,0.391736,0.250526,0.442152,0.861232,0.411542,0.480514,0.774407,-0.244423,0.447035,0.860439,-0.417798,0.485427,0.767968,-0.250526,-0.442152,0.861232,-0.411542,-0.480514,0.774407,0.244423,-0.447035,0.860439,0.417798,-0.485427,0.767968,0.861232,0.250526,0.442152,0.774407,0.411542,0.480514,0.860439,-0.244423,0.447035,0.767968,-0.417798,0.485427,0.861232,-0.250526,-0.442152,0.774407,-0.411542,-0.480514,0.860439,0.244423,-0.447035,0.767968,0.417798,-0.485427,-0.250526,0.442152,-0.861232,-0.411542,0.480514,-0.774407,0.244423,0.447035,-0.860439,0.417798,0.485427,-0.767968,0.250526,-0.442152,-0.861232,0.411542,-0.480514,-0.774407,-0.244423,-0.447035,-0.860439,-0.417798,-0.485427,-0.767968,-0.861232,0.250526,-0.442152,-0.774407,0.411542,-0.480514,-0.860439,-0.244423,-0.447035,-0.767968,-0.417798,-0.485427,-0.861232,-0.250526,0.442152,-0.774407,-0.411542,0.480514,-0.860439,0.244423,0.447035,-0.767968,0.417798,0.485427,-0.442152,0.861232,-0.250526,-0.480514,0.774407,-0.411542,-0.447035,0.860439,0.244423,-0.485427,0.767968,0.417798,0.442152,0.861232,0.250526,0.480514,0.774407,0.411542,0.447035,0.860439,-0.244423,0.485427,0.767968,-0.417798,0.442152,-0.861232,-0.250526,0.480514,-0.774407,-0.411542,0.447035,-0.860439,0.244423,0.485427,-0.767968,0.417798,-0.442152,-0.861232,0.250526,-0.480514,-0.774407,0.411542,-0.447035,-0.860439,-0.244423,-0.485427,-0.767968,-0.417798,0,-0.0929899,0.995636,0,0.0929899,0.995636,0.995636,0,-0.0929899,0.995636,0,0.0929899,0,-0.0929899,-0.995636,0,0.0929899,-0.995636,-0.995636,0,0.0929899,-0.995636,0,-0.0929899,0.0929899,0.995636,0,-0.0929899,0.995636,0,-0.0929899,-0.995636,0,0.0929899,-0.995636,0,-0.577349,-0.577349,0.577349,-0.577349,0.577349,0.577349,0,0.356792,0.934172,0,-0.356792,0.934172,0.577349,0.577349,0.577349,0.577319,-0.577349,0.577349,0.577349,-0.577349,-0.577349,0.934172,0,0.356792,0.934172,0,-0.356792,0.577319,0.577349,-0.577349,0,0.356792,-0.934172,0,-0.356792,-0.934172,-0.577349,0.577349,-0.577349,-0.577349,-0.577349,-0.577349,-0.934172,0,-0.356792,-0.934172,0,0.356792,-0.356792,0.934172,0,0.356792,0.934172,0,0.356792,-0.934172,0,-0.356792,-0.934172,0],