{
    "metadata":{
        "faces":88,
        "uvs":1,
        "version":3,
        "generator":"io_three",
        "type":"Geometry",
        "normals":86,
        "vertices":336
    },
    "vertices":[8.23017,4.96544,-4.96629,-9.33659,4.96544,-4.30504,-13.3252,4.96544,-0.34148,12.5448,4.96544,0.342292,-13.2828,-0.206292,-12.4924,-10.7297,-4.31143,-6.61729,-16.7829,-4.31143,-0.602156,-25.4982,-0.206293,-0.353834,-25.4794,-0.206293,0.308763,-16.764,-4.31143,0.0604409,-9.37974,-4.31143,6.60618,-11.7167,-0.206295,12.5086,-8.06854,4.96544,4.26447,8.18025,4.96544,4.73101,-11.0526,-0.206295,12.7715,-8.71571,-4.31143,6.86909,8.85304,-4.31143,7.37353,11.263,-0.206295,13.4122,11.9218,-0.206295,13.1493,9.51176,-4.31143,7.11063,15.762,-4.31143,0.825827,23.7863,-0.206293,1.21914,15.1994,-3.91729,0.473375,-16.1249,-3.91729,-0.260084,-10.1745,-3.91729,-6.23319,9.13061,-3.91729,-6.95987,23.8193,-0.206293,0.54648,15.795,-4.31143,0.153162,9.68463,-4.31143,-7.33093,12.4283,-0.206292,-13.4055,11.7864,-0.206292,-13.6954,9.04274,-4.31143,-7.62085,-10.0764,-4.31143,-6.90117,-12.6295,-0.206292,-12.7763,8.97118,-3.91729,6.71282,-8.83548,-3.91729,6.20155,11.248,1.55923,13.3846,8.06897,5.40606,5.41907,-7.95646,5.40606,4.95894,-11.039,1.55923,12.7447,23.7393,1.55923,1.22799,13.1545,5.40606,0.709175,8.73469,5.40606,5.15339,11.9137,1.55923,13.1189,12.5476,0.363968,-13.7335,12.5476,1.03545,-13.7335,24.2791,1.03545,0.635505,24.2791,0.363967,0.635505,-12.7761,0.363968,-13.0709,-12.7761,1.03545,-13.0709,11.9537,1.03545,-14.0018,11.9537,0.363968,-14.0018,-26.0215,0.363967,-0.25655,-26.0215,1.03545,-0.25655,-13.398,1.03545,-12.8006,-13.398,0.363968,-12.8006,-11.8222,0.363965,12.8158,-11.8222,1.03545,12.8158,-26.0074,1.03545,0.241434,-26.0074,0.363967,0.241434,11.4066,0.363965,13.7163,11.4066,1.03545,13.7163,-11.186,1.03545,13.0676,-11.186,0.363965,13.0676,24.2526,0.363967,1.17551,24.2526,1.03545,1.17551,12.0271,1.03545,13.4687,12.0271,0.363965,13.4687,12.4192,1.55923,-13.3737,8.80004,5.40606,-5.36086,13.1885,5.40606,0.0142495,23.7733,1.55923,0.533068,-12.6145,1.55923,-12.7497,-9.24678,5.40606,-4.99988,8.14946,5.40606,-5.65471,11.7686,1.55923,-13.6676,-25.4447,1.55923,-0.36874,-13.9485,5.40606,-0.696298,-9.90584,5.40606,-4.71349,-13.2735,1.55923,-12.4633,-11.7082,1.55923,12.4798,-8.62564,5.40606,4.694,-13.9288,5.40606,-0.00695856,-25.4251,1.55923,0.320599,-11.039,1.55923,12.7447,-11.039,1.55923,12.7447,-11.039,1.55923,12.7447,-11.186,1.03545,13.0676,-11.186,1.03545,13.0676,-11.186,1.03545,13.0676,-13.3252,4.96544,-0.34148,-13.3252,4.96544,-0.34148,-13.3252,4.96544,-0.34148,-13.9288,5.40606,-0.00695856,-13.9288,5.40606,-0.00695856,-13.9288,5.40606,-0.00695856,-26.0074,1.03545,0.241434,-26.0074,1.03545,0.241434,-26.0074,1.03545,0.241434,-25.4251,1.55923,0.320599,-25.4251,1.55923,0.320599,-25.4251,1.55923,0.320599,9.13061,-3.91729,-6.95987,9.13061,-3.91729,-6.95987,9.13061,-3.91729,-6.95987,9.68463,-4.31143,-7.33093,9.68463,-4.31143,-7.33093,9.68463,-4.31143,-7.33093,-11.7082,1.55923,12.4798,-11.7082,1.55923,12.4798,-11.7082,1.55923,12.4798,11.248,1.55923,13.3846,11.248,1.55923,13.3846,11.248,1.55923,13.3846,12.5448,4.96544,0.342292,12.5448,4.96544,0.342292,12.5448,4.96544,0.342292,8.18025,4.96544,4.73101,8.18025,4.96544,4.73101,8.18025,4.96544,4.73101,-8.06854,4.96544,4.26447,-8.06854,4.96544,4.26447,-8.06854,4.96544,4.26447,12.0271,1.03545,13.4687,12.0271,1.03545,13.4687,12.0271,1.03545,13.4687,12.0271,0.363965,13.4687,12.0271,0.363965,13.4687,12.0271,0.363965,13.4687,-11.186,0.363965,13.0676,-11.186,0.363965,13.0676,-11.186,0.363965,13.0676,-10.7297,-4.31143,-6.61729,-10.7297,-4.31143,-6.61729,-10.7297,-4.31143,-6.61729,-10.1745,-3.91729,-6.23319,-10.1745,-3.91729,-6.23319,-10.1745,-3.91729,-6.23319,9.51176,-4.31143,7.11063,9.51176,-4.31143,7.11063,9.51176,-4.31143,7.11063,8.97118,-3.91729,6.71282,8.97118,-3.91729,6.71282,8.97118,-3.91729,6.71282,13.1545,5.40606,0.709175,13.1545,5.40606,0.709175,13.1545,5.40606,0.709175,-11.0526,-0.206295,12.7715,-11.0526,-0.206295,12.7715,-11.0526,-0.206295,12.7715,-8.71571,-4.31143,6.86909,-8.71571,-4.31143,6.86909,-8.71571,-4.31143,6.86909,15.1994,-3.91729,0.473375,15.1994,-3.91729,0.473375,15.1994,-3.91729,0.473375,15.795,-4.31143,0.153162,15.795,-4.31143,0.153162,15.795,-4.31143,0.153162,12.4283,-0.206292,-13.4055,12.4283,-0.206292,-13.4055,12.4283,-0.206292,-13.4055,11.7864,-0.206292,-13.6954,11.7864,-0.206292,-13.6954,11.7864,-0.206292,-13.6954,24.2526,0.363967,1.17551,24.2526,0.363967,1.17551,24.2526,0.363967,1.17551,8.06897,5.40606,5.41907,8.06897,5.40606,5.41907,8.06897,5.40606,5.41907,11.9137,1.55923,13.1189,11.9137,1.55923,13.1189,11.9137,1.55923,13.1189,23.8193,-0.206293,0.54648,23.8193,-0.206293,0.54648,23.8193,-0.206293,0.54648,24.2791,0.363967,0.635505,24.2791,0.363967,0.635505,24.2791,0.363967,0.635505,-10.0764,-4.31143,-6.90117,-10.0764,-4.31143,-6.90117,-10.0764,-4.31143,-6.90117,-12.7761,1.03545,-13.0709,-12.7761,1.03545,-13.0709,-12.7761,1.03545,-13.0709,11.9537,1.03545,-14.0018,11.9537,1.03545,-14.0018,11.9537,1.03545,-14.0018,-8.62564,5.40606,4.694,-8.62564,5.40606,4.694,-8.62564,5.40606,4.694,15.762,-4.31143,0.825827,15.762,-4.31143,0.825827,15.762,-4.31143,0.825827,23.7863,-0.206293,1.21914,23.7863,-0.206293,1.21914,23.7863,-0.206293,1.21914,-13.2828,-0.206292,-12.4924,-13.2828,-0.206292,-12.4924,-13.2828,-0.206292,-12.4924,-25.4982,-0.206293,-0.353834,-25.4982,-0.206293,-0.353834,-25.4982,-0.206293,-0.353834,-11.8222,1.03545,12.8158,-11.8222,1.03545,12.8158,-11.8222,1.03545,12.8158,-7.95646,5.40606,4.95894,-7.95646,5.40606,4.95894,-7.95646,5.40606,4.95894,12.5476,1.03545,-13.7335,12.5476,1.03545,-13.7335,12.5476,1.03545,-13.7335,-9.33659,4.96544,-4.30504,-9.33659,4.96544,-4.30504,-9.33659,4.96544,-4.30504,-9.90584,5.40606,-4.71349,-9.90584,5.40606,-4.71349,-9.90584,5.40606,-4.71349,-13.9485,5.40606,-0.696298,-13.9485,5.40606,-0.696298,-13.9485,5.40606,-0.696298,-16.7829,-4.31143,-0.602156,-16.7829,-4.31143,-0.602156,-16.7829,-4.31143,-0.602156,-16.764,-4.31143,0.0604409,-16.764,-4.31143,0.0604409,-16.764,-4.31143,0.0604409,8.85304,-4.31143,7.37353,8.85304,-4.31143,7.37353,8.85304,-4.31143,7.37353,8.73469,5.40606,5.15339,8.73469,5.40606,5.15339,8.73469,5.40606,5.15339,-8.83548,-3.91729,6.20155,-8.83548,-3.91729,6.20155,-8.83548,-3.91729,6.20155,9.04274,-4.31143,-7.62085,9.04274,-4.31143,-7.62085,9.04274,-4.31143,-7.62085,8.80004,5.40606,-5.36086,8.80004,5.40606,-5.36086,8.80004,5.40606,-5.36086,8.14946,5.40606,-5.65471,8.14946,5.40606,-5.65471,8.14946,5.40606,-5.65471,11.4066,0.363965,13.7163,11.4066,0.363965,13.7163,11.4066,0.363965,13.7163,8.23017,4.96544,-4.96629,8.23017,4.96544,-4.96629,8.23017,4.96544,-4.96629,-9.24678,5.40606,-4.99988,-9.24678,5.40606,-4.99988,-9.24678,5.40606,-4.99988,-26.0215,1.03545,-0.25655,-26.0215,1.03545,-0.25655,-26.0215,1.03545,-0.25655,-25.4447,1.55923,-0.36874,-25.4447,1.55923,-0.36874,-25.4447,1.55923,-0.36874,24.2526,1.03545,1.17551,24.2526,1.03545,1.17551,24.2526,1.03545,1.17551,11.9218,-0.206295,13.1493,11.9218,-0.206295,13.1493,11.9218,-0.206295,13.1493,-11.7167,-0.206295,12.5086,-11.7167,-0.206295,12.5086,-11.7167,-0.206295,12.5086,-12.6145,1.55923,-12.7497,-12.6145,1.55923,-12.7497,-12.6145,1.55923,-12.7497,24.2791,1.03545,0.635505,24.2791,1.03545,0.635505,24.2791,1.03545,0.635505,23.7733,1.55923,0.533068,23.7733,1.55923,0.533068,23.7733,1.55923,0.533068,23.7393,1.55923,1.22799,23.7393,1.55923,1.22799,23.7393,1.55923,1.22799,-12.6295,-0.206292,-12.7763,-12.6295,-0.206292,-12.7763,-12.6295,-0.206292,-12.7763,-12.7761,0.363968,-13.0709,-12.7761,0.363968,-13.0709,-12.7761,0.363968,-13.0709,-16.1249,-3.91729,-0.260084,-16.1249,-3.91729,-0.260084,-16.1249,-3.91729,-0.260084,-11.8222,0.363965,12.8158,-11.8222,0.363965,12.8158,-11.8222,0.363965,12.8158,-13.398,0.363968,-12.8006,-13.398,0.363968,-12.8006,-13.398,0.363968,-12.8006,13.1885,5.40606,0.0142495,13.1885,5.40606,0.0142495,13.1885,5.40606,0.0142495,-9.37974,-4.31143,6.60618,-9.37974,-4.31143,6.60618,-9.37974,-4.31143,6.60618,11.4066,