{
    "metadata":{
        "faces":140,
        "uvs":1,
        "version":3,
        "generator":"io_three",
        "type":"Geometry",
        "normals":132,
        "vertices":132
    },
    "vertices":[0,10.693,16.546,10.0816,16.9238,0.233543,-10.0816,16.9238,0.233543,0.377881,10.4595,16.6903,16.6903,0.377879,10.4595,10.4595,16.6903,0.37788,16.9238,0.233542,10.0816,16.9238,0.233544,-10.0816,10.6931,16.546,-4.58895e-07,16.6903,0.377882,-10.4595,0.377881,10.4595,-16.6903,10.4595,16.6903,-0.377881,0,10.6931,-16.546,-10.0816,16.9238,-0.233544,10.0816,16.9238,-0.233544,-16.6903,0.377882,-10.4595,-10.4595,16.6903,-0.377881,-0.377881,10.4595,-16.6903,-16.9238,0.233542,10.0816,-10.6931,16.546,-4.58895e-07,-16.9238,0.233544,-10.0816,-16.6903,0.377879,10.4595,-0.377881,10.4595,16.6903,-10.4595,16.6903,0.37788,0,-10.6931,16.546,-10.0816,-16.9238,0.233539,10.0816,-16.9238,0.233539,0.377881,-10.4595,16.6903,10.4595,-16.6903,0.377876,16.6903,-0.377882,10.4595,10.6931,-16.546,-4.40376e-06,16.9238,-0.233542,-10.0816,16.9238,-0.233544,10.0816,10.4595,-16.6903,-0.377885,0.377881,-10.4595,-16.6903,16.6903,-0.377879,-10.4595,10.0816,-16.9238,-0.233548,-10.0816,-16.9238,-0.233548,0,-10.693,-16.546,-10.4595,-16.6903,-0.377885,-16.6903,-0.377879,-10.4595,-0.377881,-10.4595,-16.6903,-10.6931,-16.546,-4.40376e-06,-16.9238,-0.233544,10.0816,-16.9238,-0.233542,-10.0816,-10.4595,-16.6903,0.377876,-0.377881,-10.4595,16.6903,-16.6903,-0.377882,10.4595,-0.233543,10.0816,16.9238,-16.546,-1.27471e-06,10.693,-0.233543,-10.0816,16.9238,0.233543,10.0816,16.9238,0.233543,-10.0816,16.9238,16.546,-1.27471e-06,10.693,16.546,1.27471e-06,-10.6931,0.233543,-10.0816,-16.9238,0.233543,10.0816,-16.9238,-0.233543,-10.0816,-16.9238,-16.546,1.27471e-06,-10.6931,-0.233543,10.0816,-16.9238,-10.1603,16.9622,-4.09277e-07,10.1603,16.9622,-4.09277e-07,10.3217,16.8624,0.261245,0.161459,10.583,16.7009,-10.3217,16.8624,0.261245,-0.161459,10.583,16.7009,10.583,16.7009,0.161458,16.8624,0.261244,10.3217,0.261245,10.3217,16.8624,16.7009,0.161457,10.583,10.583,16.7009,-0.161459,16.8624,0.261247,-10.3217,16.9622,1.2112e-06,-10.1603,16.9622,-1.2112e-06,10.1603,10.3217,16.8624,-0.261246,0.161459,10.583,-16.7009,16.7009,0.16146,-10.583,0.261245,10.3217,-16.8624,-10.3217,16.8624,-0.261246,-0.161459,10.583,-16.7009,-10.583,16.7009,-0.161459,-16.8624,0.261247,-10.3217,-16.7009,0.16146,-10.583,-0.261245,10.3217,-16.8624,-10.583,16.7009,0.161458,-16.8624,0.261244,10.3217,-16.9622,1.2112e-06,-10.1603,-16.9622,-1.2112e-06,10.1603,-0.261245,10.3217,16.8624,-16.7009,0.161457,10.583,10.1603,-16.9622,-4.45338e-06,-10.1603,-16.9622,-4.45338e-06,-10.3217,-16.8624,0.261241,-0.161459,-10.583,16.7009,10.3217,-16.8624,0.261241,0.161459,-10.583,16.7009,10.583,-16.7009,0.161454,16.8624,-0.261247,10.3217,0.261245,-10.3217,16.8624,16.7009,-0.16146,10.583,10.583,-16.7009,-0.161463,16.8624,-0.261244,-10.3217,0.261245,-10.3217,-16.8624,16.7009,-0.161457,-10.583,10.3217,-16.8624,-0.26125,0.161459,-10.583,-16.7009,-10.3217,-16.8624,-0.26125,-0.161459,-10.583,-16.7009,-16.7009,-0.161457,-10.583,-0.261245,-10.3217,-16.8624,-10.583,-16.7009,-0.161463,-16.8624,-0.261244,-10.3217,-10.583,-16.7009,0.161454,-16.8624,-0.261247,10.3217,-0.261245,-10.3217,16.8624,-16.7009,-0.16146,10.583,0,-10.1603,16.9622,0,10.1603,16.9622,0,-10.1603,-16.9622,0,10.1603,-16.9622,16.8873,-1.24418e-06,10.4369,0,-10.4369,16.8873,0,10.4369,16.8873,-16.8873,-1.24418e-06,10.4369,-10.4369,16.8873,-4.18205e-07,10.4369,16.8873,-4.18205e-07,-10.4369,-16.8873,-4.44445e-06,10.4369,-16.8873,-4.44445e-06,16.8873,1.24418e-06,-10.4369,0,10.4369,-16.8873,0,-10.4369,-16.8873,-16.8873,1.24418e-06,-10.4369],
    "uvs":[[0.5,0.0274546,0.979409,0.986273,0.0205909,0.986273,0.979409,1,0.020591,1,0.0102955,0.993136,0.25,0.513727,0,1,0.260295,0.506864,1.2397,0.506864,0.260295,0.520591,0.739704,1.47941,0,0,1,0,1,1,0.979409,1.01373,0.020591,1.01373,-0.5,1.97255,1.5,0.0274546,0.5,1.97255]],
    "normals":[0,0.882382,0.470504,0.107974,0.949126,0.295785,-0.107974,0.949126,0.295785,0.478591,0.586566,0.65331,0.65331,0.478591,0.586566,0.586566,0.65331,0.478591,0.949126,0.295785,0.107974,0.949126,0.295785,-0.107974,0.882382,0.470504,0,0.65331,0.478591,-0.586566,0.478591,0.586566,-0.65331,0.586566,0.65331,-0.478591,0,0.882382,-0.470504,-0.107974,0.949126,-0.295785,0.107974,0.949126,-0.295785,-0.65331,0.478591,-0.586566,-0.586566,0.65331,-0.478591,-0.478591,0.586566,-0.65331,-0.949126,0.295785,0.107974,-0.882382,0.470504,0,-0.949126,0.295785,-0.107974,-0.65331,0.478591,0.586566,-0.478591,0.586566,0.65331,-0.586566,0.65331,0.478591,0,-0.882382,0.470504,-0.107974,-0.949126,0.295785,0.107974,-0.949126,0.295785,0.478591,-0.586566,0.65331,0.586566,-0.65331,0.478591,0.65331,-0.478591,0.586566,0.882382,-0.470504,0,0.949126,-0.295785,-0.107974,0.949126,-0.295785,0.107974,0.586566,-0.65331,-0.478591,0.478591,-0.586566,-0.65331,0.65331,-0.478591,-0.586566,0.107974,-0.949126,-0.295785,-0.107974,-0.949126,-0.295785,0,-0.882382,-0.470504,-0.586566,-0.65331,-0.478591,-0.65331,-0.478591,-0.586566,-0.478591,-0.586566,-0.65331,-0.882382,-0.470504,0,-0.949126,-0.295785,0.107974,-0.949126,-0.295785,-0.107974,-0.586566,-0.65331,0.478591,-0.478591,-0.586566,0.65331,-0.65331,-0.478591,0.586566,-0.295785,0.107974,0.949126,-0.470504,0,0.882382,-0.295785,-0.107974,0.949126,0.295785,0.107974,0.949126,0.295785,-0.107974,0.949126,0.470504,0,0.882382,0.470504,0,-0.882382,0.295785,-0.107974,-0.949126,0.295785,0.107974,-0.949126,-0.295785,-0.107974,-0.949126,-0.470504,0,-0.882382,-0.295785,0.107974,-0.949126,-0.145726,0.989319,0,0.145726,0.989319,0,0.378582,0.845393,0.37672,0.232826,0.755333,0.612568,-0.232826,0.755333,0.612568,-0.378582,0.845393,0.37672,0.755333,0.612568,0.232826,0.845393,0.37672,0.378582,0.37672,0.378582,0.845393,0.612568,0.232826,0.755333,0.755333,0.612568,-0.232826,0.845393,0.37672,-0.378582,0.989319,0,-0.145726,0.989319,0,0.145726,0.378582,0.845393,-0.37672,0.232826,0.755333,-0.612568,0.612568,0.232826,-0.755333,0.37672,0.378582,-0.845393,-0.378582,0.845393,-0.37672,-0.232826,0.755333,-0.612568,-0.755333,0.612568,-0.232826,-0.845393,0.37672,-0.378582,-0.612568,0.232826,-0.755333,-0.37672,0.378582,-0.845393,-0.755333,0.612568,0.232826,-0.845393,0.37672,0.378582,-0.989319,0,-0.145726,-0.989319,0,0.145726,-0.37672,0.378582,0.845393,-0.612568,0.232826,0.755333,0.145726,-0.989319,0,-0.145726,-0.989319,0,-0.378582,-0.845393,0.37672,-0.232826,-0.755333,0.612568,0.378582,-0.845393,0.37672,0.232826,-0.755333,0.612568,0.755333,-0.612568,0.232826,0.845393,-0.37672,0.378582,0.37672,-0.378582,0.845393,0.612568,-0.232826,0.755333,0.755333,-0.612568,-0.232826,0.845393,-0.37672,-0.378582,0.37672,-0.378582,-0.845393,0.612568,-0.232826,-0.755333,0.378582,-0.845393,-0.37672,0.232826,-0.755333,-0.612568,-0.378582,-0.845393,-0.37672,-0.232826,-0.755333,-0.612568,-0.612568,-0.232826,-0.755333,-0.37672,-0.378582,-0.845393,-0.755333,-0.612568,-0.232826,-0.845393,-0.37672,-0.378582,-0.755333,-0.612568,0.232826,-0.845393,-0.37672,0.378582,-0.37672,-0.378582,0.845393,-0.612568,-0.232826,0.755333,0,-0.145726,0.989319,0,0.145726,0.989319,0,-0.145726,-0.989319,0,0.145726,-0.989319,0.850642,0,0.525712,0,-0.525712,0.850642,0,0.525712,0.850642,-0.850642,0,0.525712,-0.525712,0.850642,0,0.525712,0.850642,0,-0.525712,-0.850642,0,0.525712,-0.850642,0,0.850642,0,-0.525712,0,0.525712,-0.850642,0,-0.525712,-0.850642,-0.850642,0,-0.525712],