{
    "metadata":{
        "faces":56,
        "uvs":1,
        "version":3,
        "generator":"io_three",
        "type":"Geometry",
        "normals":54,
        "vertices":54
    },
    "vertices":[-19.1835,0.408248,0.408246,-0.408248,0.408246,19.1835,-0.408248,19.1835,0.408248,0.408248,0.408246,19.1835,19.1835,0.408248,0.408246,0.408248,19.1835,0.408248,19.1835,0.408248,-0.408251,0.408248,0.408251,-19.1835,0.408248,19.1835,-0.408248,-0.408248,0.408251,-19.1835,-19.1835,0.408248,-0.408251,-0.408248,19.1835,-0.408248,-0.408248,-0.408251,19.1835,-19.1835,-0.408248,0.408246,-0.408248,-19.1835,0.408244,19.1835,-0.408248,0.408246,0.408248,-0.408251,19.1835,0.408248,-19.1835,0.408244,0.408248,-0.408246,-19.1835,19.1835,-0.408248,-0.408251,0.408248,-19.1835,-0.408253,-19.1835,-0.408248,-0.408251,-0.408248,-0.408246,-19.1835,-0.408248,-19.1835,-0.408253,0,0.386523,19.3674,0,19.3674,0.386525,-0.386525,-2.30877e-06,19.3674,-19.3674,-4.60771e-08,0.386523,-19.3674,0.386525,-2.38525e-06,-0.386525,19.3674,-1.22556e-07,19.3674,0.386525,-2.38525e-06,0.386525,19.3674,-1.22556e-07,19.3674,-4.60771e-08,0.386523,0.386525,-2.30877e-06,19.3674,0,0.386528,-19.3674,0,19.3674,-0.386526,0.386525,2.30877e-06,-19.3674,19.3674,4.60777e-08,-0.386528,-0.386525,2.30877e-06,-19.3674,-19.3674,4.60777e-08,-0.386528,-19.3674,-0.386525,-2.4774e-06,-0.386525,-19.3674,-4.7401e-06,0,-0.386528,19.3674,0,-19.3674,0.386521,19.3674,-0.386525,-2.4774e-06,0.386525,-19.3674,-4.7401e-06,0,-0.386523,-19.3674,0,-19.3674,-0.38653,0,-19.5548,-4.76243e-06,0,2.33111e-06,-19.5548,-19.5548,2.89837e-13,-2.43133e-06,0,-2.33111e-06,19.5547,0,19.5548,-1.00219e-07,19.5548,2.89837e-13,-2.43133e-06],
    "uvs":[[0.0306186,0.0204124,0.969381,0.0204124,0.5,0.959175,0.969381,0.979588,0.0306186,0.979588,0.5,0.0408249,1.41593,0.242942,0.518257,0.988716,0.484691,0.989794,0.0153093,0.989794,0.0117009,0.528248,0.64918,0.360151,0.5,0.979588,0,0,1,0,1,1,0,1,1.86248,0.465471,0.536515,1.01826,-0.00721688,1.03608,0.328978,0.69989]],
    "normals":[-0.72161,0.489517,0.489517,-0.489517,0.489517,0.72161,-0.489517,0.72161,0.489517,0.489517,0.489517,0.72161,0.72161,0.489517,0.489517,0.489517,0.72161,0.489517,0.72161,0.489517,-0.489517,0.489517,0.489517,-0.72161,0.489517,0.72161,-0.489517,-0.489517,0.489517,-0.72161,-0.72161,0.489517,-0.489517,-0.489517,0.72161,-0.489517,-0.489517,-0.489517,0.72161,-0.72161,-0.489517,0.489517,-0.489517,-0.72161,0.489517,0.72161,-0.489517,0.489517,0.489517,-0.489517,0.72161,0.489517,-0.72161,0.489517,0.489517,-0.489517,-0.72161,0.72161,-0.489517,-0.489517,0.489517,-0.72161,-0.489517,-0.72161,-0.489517,-0.489517,-0.489517,-0.489517,-0.72161,-0.489517,-0.72161,-0.489517,0,0.545152,0.838313,0,0.838313,0.545122,-0.545152,0,0.838313,-0.838313,0,0.545122,-0.838313,0.545122,0,-0.545122,0.838313,0,0.838313,0.545122,0,0.545122,0.838313,0,0.838313,0,0.545122,0.545152,0,0.838313,0,0.545122,-0.838313,0,0.838313,-0.545122,0.545152,0,-0.838313,0.838313,0,-0.545122,-0.545152,0,-0.838313,-0.838313,0,-0.545122,-0.838313,-0.545122,0,-0.545122,-0.838313,0,0,-0.545152,0.838313,0,-0.838313,0.545122,0.838313,-0.545122,0,0.545122,-0.838313,0,0,-0.545122,-0.838313,0,-0.838313,-0.545122,0,-0.999969,0,0,0,-1,-1,0,0,0,0,1,0,0.999969,0,1,0,0],
    "faces":[40,0,1,2,0,1,2,0,1,2,40,3,4,5,0,1,2,3,4,5,40,6,7,8,0,1,2,6,7,8,40,9,10,11,0,1,2,9,10,11,40,12,13,14,3,4,5,12,13,14,40,15,16,17,3,4,5,15,16,17,40,18,19,20,3,4,5,18,19,20,40,21,22,23,3,4,5,21,22,23,41,1,24,25,2,1,6,7,2,1,24,25,2,41,12,26,27,13,3,8,9,4,12,26,27,13,41,10,28,29,11,1,6,7,2,10,28,29,11,41,4,30,31,5,1,6,7,2,4,30,31,5,41,15,32,33,16,3,8,9,4,15,32,33,16,41,7,34,35,8,1,6,7,2,7,34,35,8,41,18,36,37,19,3,8,9,4,18,36,37,19,41,9,38,39,10,0,10,11,1,9,38,39,10,41,13,40,41,14,4,12,5,5,13,40,41,14,41,16,42,43,17,4,12,5,5,16,42,43,17,41,19,44,45,20,4,12,5,5,19,44,45,20,41,22,46,47,23,4,12,5,5,22,46,47,23,41,43,14,41,48,13,14,15,16,43,14,41,48,41,36,18,46,49,13,14,15,16,36,18,46,49,41,28,10,39,50,13,14,15,16,28,10,39,50,41,24,1,26,51,13,14,15,16,24,1,26,51,41,31,8,35,52,13,14,15,16,31,8,35,52,41,30,4,32,53,13,14,15,16,30,4,32,53,41,45,17,43,48,13,14,15,16,45,17,43,48,41,47,20,45,48,13,14,15,16,47,20,45,48,41,41,23,47,48,13,14,15,16,41,23,47,48,41,34,7,36,49,13,14,15,16,34,7,36,49,41,38,9,34,49,13,14,15,16,38,9,34,49,41,46,22,38,49,13,14,15,16,46,22,38,49,41,27,0,28,50,13,14,15,16,27,0,28,50,41,40,13,27,50,13,14,15,16,40,13,27,50,41,39,21,40,50,13,14,15,16,39,21,40,50,41,33,3,24,51,13,14,15,16,33,3,24,51,41,42,16,33,51,13,14,15,16,42,16,33,51,41,26,12,42,51,13,14,15,16,26,12,42,51,41,25,5,31,52,13,14,15,16,25,5,31,52,41,29,2,25,52,13,14,15,16,29,2,25,52,41,35,11,29,52,13,14,15,16,35,11,29,52,41,37,6,30,53,13,14,15,16,37,6,30,53,41,44,19,37,53,13,14,15,16,44,19,37,53,41,32,15,44,53,13,14,15,16,32,15,44,53,41,24,3,5,25,6,17,18,7,24,3,5,25,41,0,27,26,1,16,9,8,16,0,27,26,1,41,28,0,2,29,6,17,18,7,28,0,2,29,41,30,6,8,31,6,17,18,7,30,6,8,31,41,32,4,3,33,8,16,16,9,32,4,3,33,41,34,9,11,35,6,17,18,7,34,9,11,35,41,36,7,6,37,8,16,16,9,36,7,6,37,41,38,22,21,39,10,19,20,11,38,22,21,39,41,40,21,23,41,12,3,5,5,40,21,23,41,41,42,12,14,43,12,3,5,5,42,12,14,43,41,44,15,17,45,12,3,5,5,44,15,17,45,41,46,18,20,47,12,3,5,5,46,18,20,47]
}