{
    "metadata":{
        "faces":144,
        "uvs":1,
        "version":3,
        "generator":"io_three",
        "type":"Geometry",
        "normals":144,
        "vertices":144
    },
    "vertices":[17.75,-2.75,18,17.75,2.75,18,-17.75,2.75,18,-17.75,-2.75,18,18,-2.75,-17.75,18,2.75,-17.75,18,2.75,17.75,18,-2.75,17.75,-17.75,-2.75,-18,-17.75,2.75,-18,17.75,2.75,-18,17.75,-2.75,-18,-18,-2.75,17.75,-18,2.75,17.75,-18,2.75,-17.75,-18,-2.75,-17.75,-17.3964,-3,17.75,-11.8964,-3,12.25,11.8964,-3,12.25,17.3964,-3,17.75,-17.75,-3,-17.3964,-12.25,-3,-11.8964,-12.25,-3,11.8964,-17.75,-3,17.3964,17.3964,3,17.75,11.8964,3,12.25,-11.8964,3,12.25,-17.3964,3,17.75,17.75,3,-17.3964,12.25,3,-11.8964,12.25,3,11.8964,17.75,3,17.3964,-17.3964,3,-17.75,-11.8964,3,-12.25,11.8964,3,-12.25,17.3964,3,-17.75,-17.75,3,17.3964,-12.25,3,11.8964,-12.25,3,-11.8964,-17.75,3,-17.3964,17.3964,-3,-17.75,11.8964,-3,-12.25,-11.8964,-3,-12.25,-17.3964,-3,-17.75,17.75,-3,17.3964,12.25,-3,11.8964,12.25,-3,-11.8964,17.75,-3,-17.3964,-12,2.75,-11.75,-12,2.75,11.75,-12,-2.75,11.75,-12,-2.75,-11.75,11.75,2.75,-12,-11.75,2.75,-12,-11.75,-2.75,-12,11.75,-2.75,-12,12,2.75,11.75,12,2.75,-11.75,12,-2.75,-11.75,12,-2.75,11.75,-11.75,2.75,12,11.75,2.75,12,11.75,-2.75,12,-11.75,-2.75,12,-17.9268,2.75,17.9268,-17.9268,-2.75,17.9268,-17.6464,2.92677,17.9268,17.6464,2.92677,17.9268,17.9268,-2.75,17.9268,17.9268,2.75,17.9268,17.6464,-2.92678,17.9268,-17.6464,-2.92678,17.9268,17.9268,2.92678,-17.6464,17.9268,2.92677,17.6464,17.9268,2.75,-17.9268,17.9268,-2.75,-17.9268,17.9268,-2.92678,17.6464,17.9268,-2.92677,-17.6464,17.6464,2.92678,-17.9268,-17.6464,2.92678,-17.9268,-17.9268,-2.75,-17.9268,-17.9268,2.75,-17.9268,-17.6464,-2.92677,-17.9268,17.6464,-2.92677,-17.9268,-17.9268,2.92677,17.6464,-17.9268,2.92678,-17.6464,-17.9268,-2.92677,-17.6464,-17.9268,-2.92678,17.6464,17.6647,-3,17.6647,12.1212,-3,12.1212,-11.7929,-2.92678,12.0732,11.7929,-2.92678,12.0732,-12.1212,-3,12.1212,-17.6647,-3,17.6647,-12.0732,-2.92678,11.7929,-12.0732,-2.92678,-11.7929,-17.6647,-3,-17.6647,-12.1212,-3,-12.1212,-17.6647,3,17.6647,-12.1212,3,12.1212,11.7929,2.92678,12.0732,-11.7929,2.92678,12.0732,12.1212,3,12.1212,17.6647,3,17.6647,12.0732,2.92678,11.7929,12.0732,2.92678,-11.7929,17.6647,3,-17.6647,12.1212,3,-12.1212,-11.7929,2.92678,-12.0732,11.7929,2.92678,-12.0732,-12.1212,3,-12.1212,-17.6647,3,-17.6647,-12.0732,2.92678,-11.7929,-12.0732,2.92678,11.7929,11.7929,-2.92678,-12.0732,-11.7929,-2.92678,-12.0732,12.1212,-3,-12.1212,17.6647,-3,-17.6647,12.0732,-2.92678,-11.7929,12.0732,-2.92678,11.7929,-11.9268,-2.75,11.9268,-11.9268,2.75,11.9268,-11.9268,2.75,-11.9268,-11.9268,-2.75,-11.9268,11.9268,-2.75,-11.9268,11.9268,2.75,-11.9268,11.9268,2.75,11.9268,11.9268,-2.75,11.9268,-17.847,-2.93443,17.847,-11.9885,-2.93443,11.9885,-11.9885,-2.93443,-11.9885,-17.847,-2.93442,-17.847,17.847,-2.93443,17.847,11.9885,-2.93443,11.9885,-17.847,2.93443,-17.847,-17.847,2.93442,17.847,17.847,2.93442,17.847,-11.9885,2.93443,-11.9885,-11.9885,2.93443,11.9885,11.9885,2.93443,11.9885,17.847,-2.93442,-17.847,11.9885,-2.93443,-11.9885,17.847,2.93443,-17.847,11.9885,2.93443,-11.9885],
    "uvs":[[0.992117,0.00788295,0.992117,0.992117,0.00788288,0.992117,0.00788288,0.00788295,0.0174384,0.997094,0.171008,0.834419,0.828992,0.834419,0.982562,0.997094,0.0029064,0.0174384,0.165581,0.171008,0.165581,0.828992,0.0029064,0.982562,0.982562,0.00290644,0.828992,0.165581,0.171008,0.165581,0.0174384,0.00290644,0.997094,0.982562,0.834419,0.828992,0.834419,0.171008,0.997094,0.0174384,0.0122549,0.012255,0.987745,0.012255,0.987745,0.987745,0.0122549,0.987745,-5.12227e-09,0.992117,-5.12227e-09,0.00788295,0.0126606,-0.00248814,0.987339,-0.00248814,1,0.00788295,1,0.992117,0.987339,1.00249,0.0126606,1.00249,0.987339,0.997512,0.0126606,0.997512,0.0126606,0.00248826,0.987339,0.00248826,0.0126606,1.00249,0.0126606,-0.00248814,0.0126606,0.997512,0.0126606,0.00248826,0.989828,0.989828,0.831705,0.831705,0.174965,0.827749,0.825035,0.827749,0.168295,0.831705,0.0101724,0.989828,0.991702,0.994415,0.00829807,0.994415,0.0101724,0.0101725,0.168295,0.168295,0.825035,0.172252,0.174965,0.172252,0.831705,0.168295,0.989828,0.0101725,0.00829807,0.00558484,0.991702,0.00558484,4.19095e-09,0.987745,4.19095e-09,0.012255,1,0.012255,1,0.987745,0,0,1,0,1,1,0,1,-0.00788289,0.992117,-0.00788289,0.00788295,0.00788288,-0.00788283,0.992117,-0.00788283,1.00788,0.00788295,1.00788,0.992117,0.992117,1.00788,0.00788288,1.00788,0.982562,1.00291,0.0174384,1.00291,0.0174384,-0.00290632,0.982562,-0.00290632,0.992117,1.00788,0.00788289,1.00788,0.00788289,-0.00788283,0.982562,1.00291,0.0174384,1.00291,0.0174384,-0.00290632,0.982562,-0.00290632,0.178922,0.821078,0.821078,0.821078,0.995659,1.00109,0.00434124,1.00109,0.821078,0.178922,0.178922,0.178922,0.00434124,-0.00108528,0.995659,-0.00108528,0.178922,0.821078,0.178922,0.178922,-0.0122549,0.987745,-0.0122549,0.012255,1.01225,0.012255,1.01225,0.987745]],